Model,R2,R2_std,MAE,RMSE
Linear Regression,0.8036500742806097,0.019155829967759958,1023210393.0103356,1721396603.8446145
Decision Tree,0.6957122219180337,0.036447482020306864,1083057634.595307,2127272948.435556
Random Forest,0.784539586075201,0.01646407192839542,942588613.5200619,1799393005.1953773
Gradient Boosting,0.7840235496656739,0.02306880685270236,1073128799.7758757,1802800738.5152404
Polynomial Regression (deg 2),0.8257394349145777,0.01292392263883225,922917888.3986084,1620426078.1894732
Linear Regression (log),0.8407190205943579,0.025929525787760487,788339370.8940736,1545695621.221907
Polynomial Regression deg 2 (log),0.8444674089870249,0.023190434445921258,774005231.6332967,1530906026.8870306
Random Forest (log),0.7756907552124772,0.017426727406650685,958499697.1752443,1839079936.6713767
Gradient Boosting (log),0.7469572770209879,0.03861662406495755,1067829086.328215,1956184543.349842
